startdepot,returndepot,numOrders,LIFO,maxOrder,duration,radius,stop
B01FE15XQH,B0FFGPRVIT,591,1,4,12,50,500
# orders
id,origin,org_id,destination,dest_id,distance,duration,pallet,dayo,to,dayd,td,LTL,maxDelay,lateCost
447,B0FFH1DRA5,447,B0FFFA2AO6,2539,297.333,3.5,22,day 0,08:00,day 0,18:00,8303.550068,2,50
1685,B020215DUP,1685,B0FFL7OZ0J,3777,165.814,2.43333333333333,18,day 0,08:00,day 0,18:00,6793.813692,4,100
920,B0FFH1DRA5,920,B0FFGAIWAV,3012,256.358,3,15,day 0,08:00,day 0,18:00,5661.51141,2,100
583,B0FFGTI293,583,B02000JR6M,2675,101.584,1.55,15,day 0,08:00,day 0,18:00,5661.51141,4,100
911,B0G0ZLYTOF,911,B0FFF4JOKL,3003,251.392,3.55,18,day 0,08:00,day 0,18:00,6793.813692,2,50
566,B0FFGTI293,566,B02000JJ21,2658,126.25,1.83333333333333,17,day 0,08:00,day 0,18:00,6416.379598,4,50
1758,B0202150WR,1758,B0FFKDRXE8,3850,303.989,3.96666666666667,19,day 0,12:00,day 0,22:00,7171.247786,2,100
2038,B0FFG0GSMW,2038,B0GDDXZDXN,4130,306.845,4.15,10,day 0,12:00,day 0,22:00,3774.34094,2,100
1785,B0202150WR,1785,B0FFJRVTYE,3877,262.217,3.35,19,day 0,12:00,day 0,22:00,7171.247786,2,50
122,B0G13KYBJL,122,B0FFF4JOKL,2214,283.985,3.45,12,day 0,08:00,day 0,18:00,4529.209128,4,100
1282,B0FFLC9J93,1282,B0G2MKTPMP,3374,331.249,3.8,9,day 0,08:00,day 0,18:00,3396.906846,4,50
1113,B01FE15XQH,1113,B0FFFA2AO6,3205,182.242,2.43333333333333,16,day 0,08:00,day 0,18:00,6038.945504,4,100
1989,B00190CNHV,1989,B0GDDXZDXN,4081,237.389,2.6,9,day 0,12:00,day 0,22:00,3396.906846,2,100
1902,B0FFH70JG8,1902,B0G2MKTPMP,3994,296.078,3.38333333333333,17,day 0,08:00,day 0,18:00,6416.379598,2,100
314,B0FFGTI293,314,B0FFGJ1NAK,2406,117.97,1.75,18,day 0,08:00,day 0,18:00,6793.813692,2,50
1597,B0G1AO0IBH,1597,B0FFF4JOKL,3689,240.841,2.91666666666667,19,day 0,12:00,day 0,22:00,7171.247786,4,50
2037,B0FFG2575E,2037,B0IGCZC15I,4129,219.077,2.66666666666667,8,day 0,12:00,day 0,22:00,3019.472752,2,100
1020,B0202173FW,1020,B0FFHNXOVT,3112,271.65,3.38333333333333,8,day 0,08:00,day 0,18:00,3019.472752,2,100
262,B0FFK7ZQFN,262,B0FFH6WPC3,2354,166.296,2.25,9,day 0,12:00,day 0,22:00,3396.906846,4,100
900,B0FFHLH9SB,900,B0FFGAIWAV,2992,192.705,2.48333333333333,15,day 0,12:00,day 0,22:00,5661.51141,4,100
82,B0FFL9Q85P,82,B0FFGJ1NAK,2174,215.323,2.68333333333333,21,day 0,08:00,day 0,18:00,7926.115974,4,100
1692,B0FFH70JG8,1692,B0GDDXZDXN,3784,261.171,2.98333333333333,16,day 0,12:00,day 0,22:00,6038.945504,2,100
1974,B0FFH70JG8,1974,B02000JJ21,4066,237.192,2.86666666666667,13,day 0,08:00,day 0,18:00,4906.643222,2,50
728,B0FFL9CGXN,728,B0FFFOM198,2820,193.316,2.76666666666667,11,day 0,08:00,day 0,18:00,4151.775034,2,50
1672,B0FFH4SOJP,1672,B0FFKDRXE8,3764,323.818,3.93333333333333,19,day 0,12:00,day 0,22:00,7171.247786,2,50
750,B0FFHE4XO4,750,B0G2MKTPMP,2842,171.347,2.4,19,day 0,08:00,day 0,18:00,7171.247786,2,50
1305,B0FFHF2VI7,1305,B0FFH6WPC3,3397,146.611,2.13333333333333,21,day 0,12:00,day 0,22:00,7926.115974,4,100
1612,B020215DUP,1612,B0IG9RDYYV,3704,209.846,2.83333333333333,15,day 0,08:00,day 0,18:00,5661.51141,2,100
665,B0FFJONTQ7,665,B0FFGAIWAV,2757,149.123,2,10,day 0,12:00,day 0,22:00,3774.34094,2,100
245,B0FFIS83Q7,245,B0G2MKTPMP,2337,212.727,2.8,21,day 0,08:00,day 0,18:00,7926.115974,4,50
680,B01FE15UUN,680,B0FFLCF954,2772,107.066,1.95,22,day 0,12:00,day 0,22:00,8303.550068,4,50
991,B0FFH1DRA5,991,B0FFF4JOKL,3083,262.753,3.15,14,day 0,12:00,day 0,22:00,5284.077316,4,50
1904,B0FFJONTQ7,1904,B0IGCZC15I,3996,154.642,2.05,7,day 0,08:00,day 0,18:00,2642.038658,2,50
2043,B0FFF8Z69A,2043,B0FFH0WGKS,4135,145.358,2.11666666666667,10,day 0,12:00,day 0,22:00,3774.34094,2,100
272,B01FE0J0V7,272,B0FFKSVI1S,2364,173.202,2.33333333333333,6,day 0,08:00,day 0,18:00,2264.604564,2,50
741,B0FFHXJXZR,741,B0FFH6WPC3,2833,218.213,2.61666666666667,9,day 0,12:00,day 0,22:00,3396.906846,2,50
994,B0FFJONTQ7,994,B02000JJ21,3086,120.079,1.8,7,day 0,12:00,day 0,22:00,2642.038658,4,50
1049,B0FFF4HNKG,1049,B0FFH6WPC3,3141,274.506,3.68333333333333,12,day 0,08:00,day 0,18:00,4529.209128,2,100
1592,B0H1TCJ4IO,1592,B0FFGO36Q6,3684,294.551,3.88333333333333,10,day 0,12:00,day 0,22:00,3774.34094,2,50
2090,B0202173FW,2090,B0I6TYMZJG,4182,266.674,3.23333333333333,14,day 0,12:00,day 0,22:00,5284.077316,2,100
608,B0FFK7ZQFN,608,B0FFG94S3Z,2700,142.431,1.91666666666667,7,day 0,12:00,day 0,22:00,2642.038658,4,100
1863,B0H1TCJ4IO,1863,B02000JJN1,3955,201.648,2.73333333333333,21,day 0,08:00,day 0,18:00,7926.115974,4,100
1360,B0FFG0GSMW,1360,B0FFGO36Q6,3452,381.049,5.18333333333333,18,day 0,08:00,day 0,18:00,6793.813692,2,50
1616,B0FFHCRHH3,1616,B00156ODDT,3708,161.353,2.08333333333333,14,day 0,12:00,day 0,22:00,5284.077316,4,50
421,B0FFHXJXZR,421,B0FFF4JOKL,2513,195.904,2.46666666666667,14,day 0,12:00,day 0,22:00,5284.077316,4,50
463,B0FFH70JG8,463,B0FFKSVI1S,2555,327.232,3.83333333333333,21,day 0,12:00,day 0,22:00,7926.115974,4,100
1225,B0GUAXEBYM,1225,B0FFHY6PN3,3317,107.798,1.56666666666667,11,day 0,12:00,day 0,22:00,4151.775034,4,50
1504,B0FFHE4XO4,1504,B0IGCZC15I,3596,147.024,2.15,9,day 0,08:00,day 0,18:00,3396.906846,4,100
1617,B0H1TCJ4IO,1617,B0FFH0WGKS,3709,211.555,2.85,11,day 0,12:00,day 0,22:00,4151.775034,4,50
1598,B0FFL9CGXN,1598,B0FFGZQ43R,3690,166.65,2.46666666666667,10,day 0,08:00,day 0,18:00,3774.34094,4,100
1437,B0FFH70JG8,1437,B0FFJ1CPHP,3529,285.799,3.28333333333333,16,day 0,08:00,day 0,18:00,6038.945504,2,100
1485,B0FFHE4XO4,1485,B02000JJN1,3577,117.741,1.91666666666667,7,day 0,12:00,day 0,22:00,2642.038658,2,100
101,B0FFFRS0IH,101,B0FFHY6PN3,2193,207.279,2.48333333333333,10,day 0,08:00,day 0,18:00,3774.34094,4,100
377,B0FFK7ZQFN,377,B0FFH61OBO,2469,111.321,1.55,15,day 0,08:00,day 0,18:00,5661.51141,2,50
1828,B0G1AO0IBH,1828,B0FFHC9CJ8,3920,167.832,2.28333333333333,22,day 0,12:00,day 0,22:00,8303.550068,4,50
261,B0FFH3869T,261,B0FFGO36Q6,2353,314.298,3.88333333333333,19,day 0,08:00,day 0,18:00,7171.247786,2,100
345,B0FFHE4XO4,345,B0FFF4JOKL,2437,147.9,2.23333333333333,6,day 0,12:00,day 0,22:00,2264.604564,4,100
114,B0FFF8Z69A,114,B0FFJ1CPHP,2206,178.778,2.55,17,day 0,08:00,day 0,18:00,6416.379598,2,50
1607,B0FFGZQ43R,1607,B0FFFA2AO6,3699,131.495,1.8,9,day 0,12:00,day 0,22:00,3396.906846,4,50
961,B0FFH1DRA5,961,B0FFHY6PN3,3053,217.556,2.5,7,day 0,08:00,day 0,18:00,2642.038658,2,50
190,B0FFF8Z69A,190,B0FFHY6PN3,2282,120.413,1.86666666666667,14,day 0,08:00,day 0,18:00,5284.077316,4,50
578,B0G0ZLYTOF,578,B0FFK7ZQFN,2670,170.326,2.56666666666667,12,day 0,12:00,day 0,22:00,4529.209128,2,100
1757,B0FFH4SOJP,1757,B0FFI8WH5V,3849,186.626,2.3,9,day 0,08:00,day 0,18:00,3396.906846,4,100
1118,B0FFITJD3C,1118,B0FFGPRVIT,3210,128.136,1.76666666666667,12,day 0,08:00,day 0,18:00,4529.209128,2,50
1513,B0FFH4SOJP,1513,B0FFITJD3C,3605,177.114,2.73333333333333,7,day 0,08:00,day 0,18:00,2642.038658,4,100
137,B0FFL7OZ0J,137,B0FFH62FC9,2229,152.308,2.08333333333333,12,day 0,12:00,day 0,22:00,4529.209128,4,100
1391,B0FFK83QI3,1391,B0FFFA2AO6,3483,282.807,3.26666666666667,16,day 0,08:00,day 0,18:00,6038.945504,2,50
363,B0FFH1DRA5,363,B01FE15UUN,2455,200.2,2.33333333333333,21,day 0,08:00,day 0,18:00,7926.115974,2,100
730,B0FFLC9J93,730,B0FFL37B6B,2822,305.599,3.61666666666667,20,day 0,12:00,day 0,22:00,7548.68188,4,50
2007,B01FE15UUN,2007,B0I6TYMZJG,4099,111.234,1.45,21,day 0,08:00,day 0,18:00,7926.115974,4,100
524,B0GUCU8FLD,524,B0FFGJ1NAK,2616,191.785,2.5,16,day 0,12:00,day 0,22:00,6038.945504,2,100
598,B00190CNHV,598,B0FFH61OBO,2690,251.202,3.1,9,day 0,12:00,day 0,22:00,3396.906846,4,100
648,B0GKC6MA4E,648,B0FFJRVTYE,2740,302.479,3.81666666666667,20,day 0,08:00,day 0,18:00,7548.68188,2,50
747,B0FFJONTQ7,747,B0FFGJ1NAK,2839,111.799,1.71666666666667,20,day 0,08:00,day 0,18:00,7548.68188,4,100
1831,B0FFHXJXZR,1831,B0I6TYMZJG,3923,180.303,1.96666666666667,10,day 0,08:00,day 0,18:00,3774.34094,4,50
877,B0FFGYNGHQ,877,B0FFHY6PN3,2969,100.84,1.43333333333333,17,day 0,12:00,day 0,22:00,6416.379598,4,50
1644,B0FFH4SOJP,1644,B0FFG94S3Z,3736,293.55,3.43333333333333,7,day 0,08:00,day 0,18:00,2642.038658,2,100
480,B0202173FW,480,B0FFGO36Q6,2572,327.673,4.23333333333333,10,day 0,08:00,day 0,18:00,3774.34094,4,100
1191,B0202150WR,1191,B0FFFU612V,3283,117.771,1.56666666666667,9,day 0,08:00,day 0,18:00,3396.906846,2,100
768,B0G13KYBJL,768,B0FFGIBTXI,2860,274.077,3.26666666666667,6,day 0,08:00,day 0,18:00,2264.604564,4,50
1777,B0FFLC9J93,1777,B0FFGZQ43R,3869,222.426,2.73333333333333,12,day 0,12:00,day 0,22:00,4529.209128,4,50
155,B0FFL9CGXN,155,B02001C3PG,2247,188.686,2.75,18,day 0,08:00,day 0,18:00,6793.813692,4,100
744,B0FFK4CQ2L,744,B0FFKDRXE8,2836,220.7,3,19,day 0,12:00,day 0,22:00,7171.247786,4,50
206,B0G0ZLYTOF,206,B02001C3PG,2298,188.052,2.78333333333333,7,day 0,08:00,day 0,18:00,2642.038658,4,50
1179,B0FFGYNGHQ,1179,B0FFH6WPC3,3271,193.132,2.55,9,day 0,08:00,day 0,18:00,3396.906846,4,100
1795,B0FFH4SOJP,1795,B0FFKZGWZ9,3887,234.122,2.88333333333333,12,day 0,12:00,day 0,22:00,4529.209128,2,100
277,B0FFK83QI3,277,B0FFG94S3Z,2369,299.256,3.38333333333333,8,day 0,12:00,day 0,22:00,3019.472752,4,100
1074,B0FFG2575E,1074,B0FFHC9CJ8,3166,154.435,2.18333333333333,10,day 0,12:00,day 0,22:00,3774.34094,2,50
409,B0GUCU8FLD,409,B02001C3PG,2501,172.164,2.23333333333333,15,day 0,12:00,day 0,22:00,5661.51141,2,100
1525,B020215DUP,1525,B00156D6K6,3617,296.722,3.91666666666667,11,day 0,12:00,day 0,22:00,4151.775034,4,50
1698,B0FFH3869T,1698,B0FFJN8WFQ,3790,178.14,2.36666666666667,12,day 0,12:00,day 0,22:00,4529.209128,2,50
1033,B0G0ZLYTOF,1033,B0FFKZGWZ9,3125,243.122,3.38333333333333,12,day 0,08:00,day 0,18:00,4529.209128,2,50
1737,B020216GML,1737,B0FFJN8WFQ,3829,149.476,2.28333333333333,8,day 0,08:00,day 0,18:00,3019.472752,4,50
615,B0G0NZW2VU,615,B0FFH61OBO,2707,245.779,3.08333333333333,17,day 0,12:00,day 0,22:00,6416.379598,4,100
244,B0G0NZW2VU,244,B0FFKSVI1S,2336,308.389,3.83333333333333,17,day 0,12:00,day 0,22:00,6416.379598,2,50
1203,B0202150WR,1203,B0FFK7ZQFN,3295,141.627,1.86666666666667,12,day 0,12:00,day 0,22:00,4529.209128,2,50
946,B0202173FW,946,B0FFH61OBO,3038,256.92,3.25,10,day 0,08:00,day 0,18:00,3774.34094,4,50
1563,B0FFK83QI3,1563,B0IGCZC15I,3655,247.351,2.8,19,day 0,08:00,day 0,18:00,7171.247786,4,50
1357,B0FFLC9J93,1357,B0FFITJD3C,3449,242.395,3.45,15,day 0,08:00,day 0,18:00,5661.51141,4,50
458,B0FFHLH9SB,458,B0FFGJ1NAK,2550,155.381,2.11666666666667,21,day 0,12:00,day 0,22:00,7926.115974,2,50
2018,B0FFJN8WFQ,2018,B0FFH62FC9,4110,135.624,1.91666666666667,9,day 0,08:00,day 0,18:00,3396.906846,4,50
525,B0FFL9CGXN,525,B0FFFU612V,2617,147.104,2.13333333333333,16,day 0,08:00,day 0,18:00,6038.945504,2,100
1955,B0FFH70JG8,1955,B0FFHDQA5M,4047,242.061,2.73333333333333,16,day 0,12:00,day 0,22:00,6038.945504,2,100
415,B0FFF4HNKG,415,B01FE15UUN,2507,164.987,2.18333333333333,18,day 0,12:00,day 0,22:00,6793.813692,2,100
1264,B0FFG0GSMW,1264,B0FFK7ZQFN,3356,222.271,3.1,9,day 0,08:00,day 0,18:00,3396.906846,4,50
2035,B0GUCU8FLD,2035,B02000JJN1,4127,205.345,2.58333333333333,20,day 0,12:00,day 0,22:00,7548.68188,4,100
829,B0FFH1DRA5,829,B0FFFTQ4U7,2921,185.413,2.26666666666667,18,day 0,08:00,day 0,18:00,6793.813692,2,50
1199,B01FE0J0V7,1199,B0FFH62FC9,3291,166.817,2.21666666666667,18,day 0,08:00,day 0,18:00,6793.813692,2,100
1185,B0G3AZBRXL,1185,B0FFI9JCED,3277,259.35,3.36666666666667,15,day 0,12:00,day 0,22:00,5661.51141,2,50
1943,B0G1AO0IBH,1943,B02000JJN1,4035,210.682,2.6,10,day 0,08:00,day 0,18:00,3774.34094,2,50
1537,B0FFH4SOJP,1537,B00156D6K6,3629,300.231,3.56666666666667,20,day 0,12:00,day 0,22:00,7548.68188,4,100
1449,B0FFH70JG8,1449,B0FFL7OZ0J,3541,199.433,2.53333333333333,10,day 0,08:00,day 0,18:00,3774.34094,2,100
1925,B020215DUP,1925,B0FFITJD3C,4017,173.605,2.95,19,day 0,12:00,day 0,22:00,7171.247786,2,100
1630,B0FFG9F43K,1630,B0GDDXZDXN,3722,117.124,1.55,17,day 0,12:00,day 0,22:00,6416.379598,4,50
501,B0FFFRS0IH,501,B0FFL37B6B,2593,250.273,3.08333333333333,18,day 0,12:00,day 0,22:00,6793.813692,4,100
599,B0FFHF2VI7,599,B0FFFA2AO6,2691,134.225,1.96666666666667,11,day 0,08:00,day 0,18:00,4151.775034,2,50
403,B0FFIS83Q7,403,B0FFGO36Q6,2495,252.024,3.4,15,day 0,08:00,day 0,18:00,5661.51141,2,50
1209,B0FFK83QI3,1209,B0FFHC9CJ8,3301,182.856,2.33333333333333,22,day 0,12:00,day 0,22:00,8303.550068,2,50
914,B0FFFRS0IH,914,B0FFL7OZ0J,3006,179.278,2.36666666666667,7,day 0,08:00,day 0,18:00,2642.038658,2,50
1960,B0FFH4SOJP,1960,B0FFL7OZ0J,4052,169.323,2.25,10,day 0,08:00,day 0,18:00,3774.34094,4,100
976,B0GKC6MA4E,976,B01FE15UUN,3068,188.096,2.5,15,day 0,08:00,day 0,18:00,5661.51141,2,50
46,B0FFL9Q85P,46,B0FFJ1CPHP,2138,272.21,3.25,16,day 0,12:00,day 0,22:00,6038.945504,4,100
209,B0G0ZLYTOF,209,B0FFFOM198,2301,192.682,2.93333333333333,21,day 0,12:00,day 0,22:00,7926.115974,4,50
535,B0FFK4CQ2L,535,B0FFGAIWAV,2627,133.008,1.88333333333333,16,day 0,08:00,day 0,18:00,6038.945504,4,50
1637,B020216GML,1637,B0FFHNXOVT,3729,229.611,3.06666666666667,6,day 0,08:00,day 0,18:00,2264.604564,2,50
182,B0FFK7ZQFN,182,B0FFLCF954,2274,110.603,1.9,9,day 0,08:00,day 0,18:00,3396.906846,2,100
1065,B0FFHCRHH3,1065,B0FFKSVI1S,3157,193.364,2.56666666666667,20,day 0,12:00,day 0,22:00,7548.68188,4,100
650,B0GUAXEBYM,650,B0FFKSVI1S,2742,196.252,2.55,13,day 0,08:00,day 0,18:00,4906.643222,4,50
2059,B0FFH70JG8,2059,B0FFKDRXE8,4151,353.928,4.2,12,day 0,08:00,day 0,18:00,4529.209128,2,100
2077,B0FFH1DRA5,2077,B0FFJN8WFQ,4169,189.339,2.4,11,day 0,08:00,day 0,18:00,4151.775034,4,100
1614,B0G0ZLYTOF,1614,B0FFGZQ43R,3706,166.016,2.65,6,day 0,08:00,day 0,18:00,2264.604564,4,100
309,B0FFK83QI3,309,B0FFJ1CPHP,2401,261.395,3.06666666666667,17,day 0,12:00,day 0,22:00,6416.379598,2,50
498,B0FFK83QI3,498,B0FFHJD9U9,2590,144.349,1.81666666666667,17,day 0,08:00,day 0,18:00,6416.379598,4,100
1334,B0202173FW,1334,B0FFFU612V,3426,160.007,1.98333333333333,18,day 0,08:00,day 0,18:00,6793.813692,2,50
227,B0GKC6MA4E,227,B0FFH62FC9,2319,311.171,4,15,day 0,12:00,day 0,22:00,5661.51141,4,50
1840,B0FFG2575E,1840,B0FFFOM198,3932,161.096,2.25,6,day 0,12:00,day 0,22:00,2264.604564,2,100
974,B0FFL9CGXN,974,B0FFHY6PN3,3066,206.829,3.03333333333333,20,day 0,08:00,day 0,18:00,7548.68188,2,50
623,B0G0ZLYTOF,623,B0FFGAIWAV,2715,244.997,3.38333333333333,19,day 0,08:00,day 0,18:00,7171.247786,4,50
1044,B0FFHCRHH3,1044,B00156GGDT,3136,192.388,2.55,20,day 0,12:00,day 0,22:00,7548.68188,4,50
1529,B0FFH70JG8,1529,B0FFJN8WFQ,3621,199.217,2.46666666666667,6,day 0,08:00,day 0,18:00,2264.604564,4,50
34,B0FFF4HNKG,34,B0FFLCF954,2126,247.853,3.41666666666667,12,day 0,08:00,day 0,18:00,4529.209128,4,50
1454,B0G1AO0IBH,1454,B0FFJN8WFQ,3546,159.537,1.95,6,day 0,08:00,day 0,18:00,2264.604564,2,100
895,B0G0NZW2VU,895,B0FFHC9CJ8,2987,180.779,2.45,18,day 0,08:00,day 0,18:00,6793.813692,2,50
17,B0G0NZW2VU,17,B0FFJRVTYE,2109,299.388,3.33333333333333,16,day 0,08:00,day 0,18:00,6038.945504,2,100
837,B0FFITJD3C,837,B0FFKDRXE8,2929,173.781,2.4,8,day 0,08:00,day 0,18:00,3019.472752,2,100
170,B0FFL9CGXN,170,B0FFJ1CPHP,2262,265.194,3.7,15,day 0,12:00,day 0,22:00,5661.51141,2,50
1770,B0FFGZQ43R,1770,B0FFH62FC9,3862,145.131,1.93333333333333,17,day 0,12:00,day 0,22:00,6416.379598,2,50
372,B0FFHE4XO4,372,B0FFKDRXE8,2464,229.197,3.21666666666667,21,day 0,08:00,day 0,18:00,7926.115974,2,50
1682,B0H1TCJ4IO,1682,B0FFGJ1NAK,3774,181.57,2.48333333333333,8,day 0,08:00,day 0,18:00,3019.472752,2,50
2019,B0202173FW,2019,B0IGCZC15I,4111,264.2,3.28333333333333,16,day 0,12:00,day 0,22:00,6038.945504,4,50
943,B0HDRHT0UU,943,B0FFHDQA5M,3035,255.917,3.1,10,day 0,12:00,day 0,22:00,3774.34094,4,50
929,B0HDRHT0UU,929,B0FFK7ZQFN,3021,205.421,2.56666666666667,10,day 0,12:00,day 0,22:00,3774.34094,4,50
657,B0FFJONTQ7,657,B0FFHNXOVT,2749,162.239,2.13333333333333,11,day 0,08:00,day 0,18:00,4151.775034,2,50
1198,B0FFF8Z69A,1198,B0G2MKTPMP,3290,189.057,2.53333333333333,14,day 0,08:00,day 0,18:00,5284.077316,2,50
654,B0G0ZLYTOF,654,B0FFL37B6B,2746,249.189,3.5,6,day 0,08:00,day 0,18:00,2264.604564,4,50
1054,B0FFGYNGHQ,1054,B0FFJRVTYE,3146,185.69,2.31666666666667,18,day 0,12:00,day 0,22:00,6793.813692,2,50
947,B0G0ZLYTOF,947,B0FFITJD3C,3039,185.985,3.33333333333333,13,day 0,08:00,day 0,18:00,4906.643222,4,50
561,B01FE0J0V7,561,B00156D6K6,2653,176.311,2.33333333333333,8,day 0,12:00,day 0,22:00,3019.472752,2,100
1851,B0FFL7OZ0J,1851,B0I6TYMZJG,3943,105.837,1.41666666666667,17,day 0,12:00,day 0,22:00,6416.379598,4,100
997,B0FFG0GSMW,997,B0FFHD3E8G,3089,281.584,3.93333333333333,10,day 0,12:00,day 0,22:00,3774.34094,4,50
1497,B0FFG2575E,1497,B0FFJRVTYE,3589,259.33,3.15,12,day 0,12:00,day 0,22:00,4529.209128,4,100
341,B0FFHJD9U9,341,B0FFGIBTXI,2433,117.296,1.78333333333333,8,day 0,08:00,day 0,18:00,3019.472752,2,50
622,B0FFH3869T,622,B0FFHNXOVT,2714,258.275,3.15,7,day 0,08:00,day 0,18:00,2642.038658,2,50
1567,B0FFHCRHH3,1567,B0FFH0WGKS,3659,118.511,1.65,9,day 0,12:00,day 0,22:00,3396.906846,4,100
519,B0GUCU8FLD,519,B0FFHD3E8G,2611,198.783,2.53333333333333,7,day 0,08:00,day 0,18:00,2642.038658,2,100
1161,B0FFHXJXZR,1161,B0FFHFSCFH,3253,168.093,2.23333333333333,19,day 0,12:00,day 0,22:00,7171.247786,2,50
356,B0G0NZW2VU,356,B0FFI9JCED,2448,270.928,3.41666666666667,11,day 0,12:00,day 0,22:00,4151.775034,2,50
62,B0FFGTI293,62,B0FFJRVTYE,2154,201.213,2.51666666666667,19,day 0,12:00,day 0,22:00,7171.247786,4,50
28,B0FFITJD3C,28,B0FFI9JCED,2120,109.624,1.63333333333333,21,day 0,12:00,day 0,22:00,7926.115974,2,50
1944,B0FFH4SOJP,1944,B0IGCZC15I,4036,221.136,2.45,20,day 0,08:00,day 0,18:00,7548.68188,2,100
1398,B0FFFRXR3L,1398,B0FFH6WPC3,3490,365.677,4.95,7,day 0,12:00,day 0,22:00,2642.038658,4,50
936,B0FFL9Q85P,936,B0FFL37B6B,3028,256.839,3.08333333333333,6,day 0,12:00,day 0,22:00,2264.604564,2,100
1719,B0G3AZBRXL,1719,B0FFL37B6B,3811,240.007,3.11666666666667,20,day 0,08:00,day 0,18:00,7548.68188,4,50
626,B0FFLC9J93,626,B0FFFU612V,2718,193.593,2.75,17,day 0,08:00,day 0,18:00,6416.379598,2,100
1192,B0FFFU612V,1192,B0FFJRVTYE,3284,165.097,2.13333333333333,10,day 0,08:00,day 0,18:00,3774.34094,2,50
922,B0FFG0GSMW,922,B0FFKZGWZ9,3014,295.067,3.93333333333333,14,day 0,12:00,day 0,22:00,5284.077316,4,100
1416,B0FFG0GSMW,1416,B0FFL7OZ0J,3508,245.107,3.6,14,day 0,08:00,day 0,18:00,5284.077316,2,100
1162,B0GUCU8FLD,1162,B0FFH6WPC3,3254,282.47,3.56666666666667,18,day 0,12:00,day 0,22:00,6793.813692,4,100
800,B0FFL7OZ0J,800,B00156GGDT,2892,157.717,2.2,10,day 0,08:00,day 0,18:00,3774.34094,4,100
963,B0FFLC9J93,963,B0FFGAIWAV,3055,301.407,3.5,9,day 0,12:00,day 0,22:00,3396.906846,4,100
557,B0FFIS83Q7,557,B00156D6K6,2649,246.99,3.31666666666667,7,day 0,08:00,day 0,18:00,2642.038658,2,100
886,B0FFF4HNKG,886,B0FFGO36Q6,2978,290.284,3.9,15,day 0,08:00,day 0,18:00,5661.51141,2,100
2014,B0FFJONTQ7,2014,B0GDDXZDXN,4106,144.058,1.88333333333333,9,day 0,12:00,day 0,22:00,3396.906846,4,100
1822,B0G1AO0IBH,1822,B0FFGAIWAV,3914,234.446,2.76666666666667,11,day 0,12:00,day 0,22:00,4151.775034,4,100
1399,B0FFFRXR3L,1399,B02000JJ21,3491,283.272,3.96666666666667,11,day 0,12:00,day 0,22:00,4151.775034,4,50
382,B0FFHXJXZR,382,B0FFJRVTYE,2474,225.165,2.48333333333333,19,day 0,08:00,day 0,18:00,7171.247786,4,50
965,B0FFLC9J93,965,B02000JJ21,3057,272.363,3.25,21,day 0,12:00,day 0,22:00,7926.115974,4,50
470,B0FFHCRHH3,470,B0FFHD3E8G,2562,102.042,1.5,18,day 0,08:00,day 0,18:00,6793.813692,4,100
1008,B0G0ZLYTOF,1008,B0IG9RDYYV,3100,222.226,3.18333333333333,12,day 0,12:00,day 0,22:00,4529.209128,2,50
739,B0FFHXJXZR,739,B0FFK7ZQFN,2831,120.228,1.6,21,day 0,08:00,day 0,18:00,7926.115974,2,50
442,B00190CNHV,442,B0FFHFSCFH,2534,231.4,2.91666666666667,21,day 0,12:00,day 0,22:00,7926.115974,4,100
1924,B0FFJN8WFQ,1924,B0FFLCF954,4016,112.634,2.06666666666667,15,day 0,12:00,day 0,22:00,5661.51141,4,50
162,B0GKC6MA4E,162,B0G2MKTPMP,2254,286.402,3.63333333333333,18,day 0,12:00,day 0,22:00,6793.813692,2,100
604,B00190CNHV,604,B0G2MKTPMP,2696,282.658,3.4,17,day 0,12:00,day 0,22:00,6416.379598,4,100
471,B01FE15UUN,471,B0FFF4JOKL,2563,109.489,1.63333333333333,12,day 0,12:00,day 0,22:00,4529.209128,4,50
237,B0G0NZW2VU,237,B00156GGDT,2329,307.413,4.03333333333333,13,day 0,08:00,day 0,18:00,4906.643222,4,50
1763,B0FFHLH9SB,1763,B0FFI8WH5V,3855,143.205,1.95,15,day 0,12:00,day 0,22:00,5661.51141,4,50
1515,B0FFH4SOJP,1515,B0FFGO36Q6,3607,305.265,3.65,8,day 0,08:00,day 0,18:00,3019.472752,2,100
1412,B0FFFRXR3L,1412,B0G2MKTPMP,3504,342.158,4.58333333333333,15,day 0,08:00,day 0,18:00,5661.51141,4,100
1650,B0FFHCRHH3,1650,B0GDDXZDXN,3742,127.303,1.65,13,day 0,08:00,day 0,18:00,4906.643222,4,100
527,B0FFG9F43K,527,B0FFHFSCFH,2619,100.773,1.6,16,day 0,08:00,day 0,18:00,6038.945504,4,100
536,B0GUAXEBYM,536,B0FFF4JOKL,2628,141.651,1.95,17,day 0,08:00,day 0,18:00,6416.379598,2,50
157,B0G13KYBJL,157,B0FFKZGWZ9,2249,275.715,3.26666666666667,17,day 0,12:00,day 0,22:00,6416.379598,2,100
1379,B0FFL9Q85P,1379,B0FFH62FC9,3471,307.258,3.65,16,day 0,12:00,day 0,22:00,6038.945504,4,50
1508,B0FFLC9J93,1508,B0I6TYMZJG,3600,299.382,3.71666666666667,18,day 0,12:00,day 0,22:00,6793.813692,2,100
719,B01FE15XQH,719,B0FFHNXOVT,2811,154.383,2.06666666666667,11,day 0,08:00,day 0,18:00,4151.775034,2,50
141,B0FFL7OZ0J,141,B0G2MKTPMP,2233,127.539,1.73333333333333,14,day 0,08:00,day 0,18:00,5284.077316,2,50
643,B0FFH1DRA5,643,B01FE0J0V7,2735,157.714,2,15,day 0,08:00,day 0,18:00,5661.51141,4,100
2006,B020216GML,2006,B0I6TYMZJG,4098,224.635,2.91666666666667,13,day 0,08:00,day 0,18:00,4906.643222,4,50
1415,B0FFFRXR3L,1415,B0FFKZGWZ9,3507,295.473,3.91666666666667,18,day 0,08:00,day 0,18:00,6793.813692,2,100
1959,B0FFFRXR3L,1959,B0FFGZQ43R,4051,233.335,3.4,7,day 0,08:00,day 0,18:00,2642.038658,4,100
1168,B0FFGYNGHQ,1168,B00156D6K6,3260,203.876,2.56666666666667,13,day 0,08:00,day 0,18:00,4906.643222,4,50
31,B0FFHF2VI7,31,B0FFI9JCED,2123,116.785,1.81666666666667,14,day 0,08:00,day 0,18:00,5284.077316,4,50
1060,B0G0NZW2VU,1060,B0FFHDQA5M,3152,223.089,2.68333333333333,12,day 0,12:00,day 0,22:00,4529.209128,4,100
1122,B0FFIS83Q7,1122,B00156ODDT,3214,211.87,2.86666666666667,21,day 0,08:00,day 0,18:00,7926.115974,4,50
1149,B0FFG2575E,1149,B0FFH62FC9,3241,268.022,3.31666666666667,20,day 0,08:00,day 0,18:00,7548.68188,2,50
868,B0FFLC9J93,868,B01FE15XQH,2960,191.889,2.73333333333333,15,day 0,12:00,day 0,22:00,5661.51141,4,50
2054,B0G0ZLYTOF,2054,B0FFH0WGKS,4146,231.14,3.28333333333333,22,day 0,08:00,day 0,18:00,8303.550068,4,100
1842,B020216GML,1842,B0FFITJD3C,3934,157.483,2.83333333333333,20,day 0,08:00,day 0,18:00,7548.68188,4,100
729,B0HDRHT0UU,729,B0FFH6WPC3,2821,333.453,4.13333333333333,20,day 0,12:00,day 0,22:00,7548.68188,2,100
1729,B0G0NZW2VU,1729,B0GDDXZDXN,3821,231.966,2.55,17,day 0,08:00,day 0,18:00,6416.379598,4,100
841,B0G0ZLYTOF,841,B0FFHC9CJ8,2933,186.021,2.93333333333333,8,day 0,12:00,day 0,22:00,3019.472752,4,50
384,B0G13KYBJL,384,B0FFGO36Q6,2476,346.729,4.16666666666667,20,day 0,12:00,day 0,22:00,7548.68188,2,50
1583,B0FFF8Z69A,1583,B02000JJN1,3675,135.451,2.05,20,day 0,08:00,day 0,18:00,7548.68188,2,50
1634,B0202150WR,1634,B0FFJN8WFQ,3726,149.279,2.2,19,day 0,08:00,day 0,18:00,7171.247786,4,100
624,B0FFL9CGXN,624,B0FFL7OZ0J,2716,178.828,2.65,16,day 0,08:00,day 0,18:00,6038.945504,4,100
1262,B020216GML,1262,B0FFGJ1NAK,3354,173.816,2.35,10,day 0,08:00,day 0,18:00,3774.34094,4,50
1361,B0FFHCRHH3,1361,B0FFHFSCFH,3453,110.952,1.68333333333333,20,day 0,08:00,day 0,18:00,7548.68188,4,100
2061,B0FFG0GSMW,2061,B0FFH0WGKS,4153,298.053,4.08333333333333,7,day 0,08:00,day 0,18:00,2642.038658,4,100
710,B0G13KYBJL,710,B02000JR6M,2802,223.88,2.8,9,day 0,08:00,day 0,18:00,3396.906846,4,50
239,B00190CNHV,239,B00156D6K6,2331,316.921,4.01666666666667,21,day 0,08:00,day 0,18:00,7926.115974,2,100
772,B0G13KYBJL,772,B0FFI9JCED,2864,301.125,3.65,17,day 0,08:00,day 0,18:00,6416.379598,4,100
2034,B0FFH70JG8,2034,B0FFH62FC9,4126,320.847,3.73333333333333,12,day 0,08:00,day 0,18:00,4529.209128,2,100
1327,B0HDRHT0UU,1327,B0FFFTQ4U7,3419,209.147,2.7,7,day 0,12:00,day 0,22:00,2642.038658,2,100
2031,B0FFK7ZQFN,2031,B0GDDXZDXN,4123,107.87,1.45,12,day 0,12:00,day 0,22:00,4529.209128,2,50
1884,B0GUCU8FLD,1884,B0FFITJD3C,3976,170.097,2.76666666666667,13,day 0,12:00,day 0,22:00,4906.643222,2,100
112,B0FFGTI293,112,B0FFI9JCED,2204,178.829,2.41666666666667,12,day 0,08:00,day 0,18:00,4529.209128,2,50
1881,B0G1AO0IBH,1881,B0FFH62FC9,3973,280.764,3.08333333333333,14,day 0,12:00,day 0,22:00,5284.077316,4,50
1712,B0FFFRXR3L,1712,B0FFH0WGKS,3804,298.459,4.06666666666667,19,day 0,12:00,day 0,22:00,7171.247786,2,50
1674,B0G1AO0IBH,1674,B00156D6K6,3766,298.551,3.55,10,day 0,08:00,day 0,18:00,3774.34094,2,100
8,B0G0ZLYTOF,8,B0FFFTQ4U7,2100,174.052,2.7,18,day 0,08:00,day 0,18:00,6793.813692,2,100
156,B0FFH1DRA5,156,B02001C3PG,2248,199.413,2.38333333333333,21,day 0,08:00,day 0,18:00,7926.115974,4,50
136,B0FFHCRHH3,136,B0FFKDRXE8,2228,220.06,2.88333333333333,16,day 0,12:00,day 0,22:00,6038.945504,2,50
907,B0FFG2575E,907,B0FFHFSCFH,2999,191.995,2.45,8,day 0,12:00,day 0,22:00,3019.472752,2,100
752,B0HDRHT0UU,752,B02001C3PG,2844,223.147,2.8,21,day 0,12:00,day 0,22:00,7926.115974,4,50
1659,B0G3AZBRXL,1659,B0FFGAIWAV,3751,235.815,3.05,15,day 0,12:00,day 0,22:00,5661.51141,2,100
2017,B0202173FW,2017,B0IG9RDYYV,4109,235.763,3.03333333333333,8,day 0,12:00,day 0,22:00,3019.472752,2,100
1993,B020216GML,1993,B0FFHFSCFH,4085,195.079,2.73333333333333,18,day 0,08:00,day 0,18:00,6793.813692,4,100
858,B01FE15XQH,858,B0FFHD3E8G,2950,110.941,1.63333333333333,21,day 0,08:00,day 0,18:00,7926.115974,4,50
128,B0FFF8Z69A,128,B0FFLCF954,2220,185.923,2.96666666666667,11,day 0,12:00,day 0,22:00,4151.775034,2,50
520,B0FFH3869T,520,B0FFK7ZQFN,2612,170.488,2.2,9,day 0,08:00,day 0,18:00,3396.906846,4,50
832,B0FFHCRHH3,832,B0FFFA2AO6,2924,173.343,2.28333333333333,18,day 0,08:00,day 0,18:00,6793.813692,2,50
1145,B0FFH3869T,1145,B0FFFTQ4U7,3237,174.214,2.33333333333333,13,day 0,08:00,day 0,18:00,4906.643222,2,100
563,B0FFF4HNKG,563,B0FFGAIWAV,2655,221.145,2.96666666666667,13,day 0,12:00,day 0,22:00,4906.643222,2,50
950,B0FFH3869T,950,B0FFHJD9U9,3042,147.676,2,20,day 0,12:00,day 0,22:00,7548.68188,4,100
88,B0FFG9F43K,88,B00156ODDT,2180,151.174,1.96666666666667,22,day 0,08:00,day 0,18:00,8303.550068,2,50
1811,B0FFIS83Q7,1811,B0GDDXZDXN,3903,177.82,2.35,14,day 0,08:00,day 0,18:00,5284.077316,4,100
1270,B0FFG2575E,1270,B00156D6K6,3362,277.516,3.43333333333333,19,day 0,12:00,day 0,22:00,7171.247786,2,100
2074,B0GKC6MA4E,2074,B0GDDXZDXN,4166,251.495,3.18333333333333,19,day 0,12:00,day 0,22:00,7171.247786,2,100
751,B0FFHE4XO4,751,B0FFHD3E8G,2843,114.946,1.58333333333333,16,day 0,08:00,day 0,18:00,6038.945504,2,50
1106,B0G0ZLYTOF,1106,B0FFHF2VI7,3198,160.94,2.78333333333333,16,day 0,12:00,day 0,22:00,6038.945504,4,100
321,B0FFFRS0IH,321,B0FFI9JCED,2413,269.616,3.33333333333333,15,day 0,12:00,day 0,22:00,5661.51141,4,100
1441,B0FFG0GSMW,1441,B0FFL37B6B,3533,316.102,4.35,9,day 0,08:00,day 0,18:00,3396.906846,4,100
669,B0FFIS83Q7,669,B01FE15UUN,2761,126.727,1.83333333333333,11,day 0,12:00,day 0,22:00,4151.775034,4,50
1091,B0FFHLH9SB,1091,B0FFLCF954,3183,219.413,3.08333333333333,7,day 0,12:00,day 0,22:00,2642.038658,4,50
1241,B0FFL9CGXN,1241,B0FFHF2VI7,3333,161.574,2.65,10,day 0,12:00,day 0,22:00,3774.34094,2,100
1104,B0FFH1DRA5,1104,B00156ODDT,3196,285.343,3.35,20,day 0,08:00,day 0,18:00,7548.68188,2,100
1126,B0FFFTQ4U7,1126,B00156GGDT,3218,156.206,2.35,16,day 0,08:00,day 0,18:00,6038.945504,2,100
1816,B0FFHXJXZR,1816,B0GDDXZDXN,3908,157.743,1.76666666666667,16,day 0,08:00,day 0,18:00,6038.945504,4,100
481,B0FFIS83Q7,481,B0FFJRVTYE,2573,228.804,3,13,day 0,08:00,day 0,18:00,4906.643222,4,100
1196,B0FFHXJXZR,1196,B0FFI8WH5V,3288,140.009,1.81666666666667,10,day 0,08:00,day 0,18:00,3774.34094,2,50
1256,B020216GML,1256,B01FE15UUN,3348,154.982,2.08333333333333,20,day 0,12:00,day 0,22:00,7548.68188,4,100
1790,B0FFG9F43K,1790,B0FFH0WGKS,3882,108.332,1.56666666666667,13,day 0,08:00,day 0,18:00,4906.643222,4,100
381,B0HDRHT0UU,381,B0FFH62FC9,2473,334.703,4.05,19,day 0,12:00,day 0,22:00,7171.247786,2,100
1827,B0G1AO0IBH,1827,B0FFI9JCED,3919,257.981,3.11666666666667,12,day 0,08:00,day 0,18:00,4529.209128,4,50
637,B0G0ZLYTOF,637,B0FFI9JCED,2729,268.532,3.75,9,day 0,08:00,day 0,18:00,3396.906846,4,50
1123,B0G3AZBRXL,1123,B0FFKSVI1S,3215,296.811,3.81666666666667,7,day 0,08:00,day 0,18:00,2642.038658,4,100
1490,B0FFGZQ43R,1490,B0FFHNXOVT,3582,103.636,1.45,17,day 0,08:00,day 0,18:00,6416.379598,4,100
1229,B0FFFRS0IH,1229,B01FE15UUN,3321,189.923,2.31666666666667,12,day 0,08:00,day 0,18:00,4529.209128,4,50
352,B00190CNHV,352,B0FFKSVI1S,2444,313.812,3.85,13,day 0,08:00,day 0,18:00,4906.643222,2,50
1916,B0FFH70JG8,1916,B0FFGAIWAV,4008,266.236,3.08333333333333,10,day 0,12:00,day 0,22:00,3774.34094,2,50
3,B01FE0J0V7,3,B0FFGO36Q6,2095,181.345,2.45,22,day 0,08:00,day 0,18:00,8303.550068,2,100
894,B0FFL9CGXN,894,B0FFKZGWZ9,2986,243.756,3.48333333333333,11,day 0,08:00,day 0,18:00,4151.775034,2,50
1631,B0FFFU612V,1631,B0IGCZC15I,3723,124.697,1.71666666666667,16,day 0,12:00,day 0,22:00,6038.945504,2,50
104,B0FFIS83Q7,104,B02000JJ21,2196,153.841,2.16666666666667,17,day 0,08:00,day 0,18:00,6416.379598,2,100
2003,B0FFH4SOJP,2003,B01FE15XQH,4095,153.068,1.93333333333333,20,day 0,12:00,day 0,22:00,7548.68188,4,100
1768,B0FFHJD9U9,1768,B0IGCZC15I,3860,108.619,1.6,17,day 0,08:00,day 0,18:00,6416.379598,2,100
1176,B0FFH3869T,1176,B0FFHDQA5M,3268,220.984,2.71666666666667,10,day 0,08:00,day 0,18:00,3774.34094,2,50
1039,B0FFG2575E,1039,B0FFKSVI1S,3131,274.407,3.38333333333333,11,day 0,12:00,day 0,22:00,4151.775034,2,50
174,B0FFGTI293,174,B0FFJ1CPHP,2266,174.857,2.3,16,day 0,12:00,day 0,22:00,6038.945504,2,100
1099,B0202173FW,1099,B0FFKZGWZ9,3191,252.339,3.13333333333333,21,day 0,12:00,day 0,22:00,7926.115974,4,50
473,B0FFFU612V,473,B0FFH61OBO,2565,117.564,1.66666666666667,15,day 0,08:00,day 0,18:00,5661.51141,2,50
1982,B0FFG2575E,1982,B0FFI9JCED,4074,236.946,2.98333333333333,19,day 0,08:00,day 0,18:00,7171.247786,4,50
1740,B0G1AO0IBH,1740,B0FFGJ1NAK,3832,196.993,2.48333333333333,17,day 0,08:00,day 0,18:00,6416.379598,2,50
1934,B020215DUP,1934,B00156GGDT,4026,292.637,3.88333333333333,15,day 0,12:00,day 0,22:00,5661.51141,4,100
546,B0FFL9Q85P,546,B00156GGDT,2638,312.667,3.85,19,day 0,12:00,day 0,22:00,7171.247786,2,100
644,B0FFGTI293,644,B0FFG94S3Z,2736,212.718,2.7,15,day 0,12:00,day 0,22:00,5661.51141,2,50
1308,B0FFK7ZQFN,1308,B0FFGPRVIT,3400,136.864,1.86666666666667,19,day 0,12:00,day 0,22:00,7171.247786,2,50
1783,B0H1TCJ4IO,1783,B0FFHC9CJ8,3875,166.436,2.55,21,day 0,08:00,day 0,18:00,7926.115974,2,50
697,B0FFHJD9U9,697,B0FFH6WPC3,2789,156.461,2.25,14,day 0,08:00,day 0,18:00,5284.077316,2,50
836,B0FFLC9J93,836,B02000JR6M,2928,233.404,3.23333333333333,12,day 0,08:00,day 0,18:00,4529.209128,4,100
670,B0FFHLH9SB,670,B02001C3PG,2762,135.76,1.86666666666667,17,day 0,12:00,day 0,22:00,6416.379598,2,100
1528,B020215DUP,1528,B0FFH6WPC3,3620,285.978,3.75,19,day 0,12:00,day 0,22:00,7171.247786,4,100
1711,B00190CNHV,1711,B0FFH0WGKS,3803,232.408,2.81666666666667,21,day 0,08:00,day 0,18:00,7926.115974,4,50
1858,B0202150WR,1858,B0FFH0WGKS,3950,202.441,2.68333333333333,14,day 0,12:00,day 0,22:00,5284.077316,4,50
94,B01FE0J0V7,94,B0FFJ1CPHP,2186,144.781,1.88333333333333,16,day 0,12:00,day 0,22:00,6038.945504,2,100
1700,B0FFGZQ43R,1700,B0FFGIBTXI,3792,107.602,1.58333333333333,15,day 0,08:00,day 0,18:00,5661.51141,4,100
1494,B0FFH3869T,1494,B0I6TYMZJG,3586,253.299,3,7,day 0,08:00,day 0,18:00,2642.038658,2,50
1640,B0FFG2575E,1640,B0FFH61OBO,3732,211.797,2.63333333333333,19,day 0,12:00,day 0,22:00,7171.247786,4,100
108,B01FE0J0V7,108,B00156GGDT,2200,172.226,2.4,15,day 0,12:00,day 0,22:00,5661.51141,4,50
1462,B0FFFU612V,1462,B0I6TYMZJG,3554,127.318,1.66666666666667,10,day 0,12:00,day 0,22:00,3774.34094,2,100
1888,B0GUAXEBYM,1888,B0GDDXZDXN,3980,130.191,1.63333333333333,18,day 0,12:00,day 0,22:00,6793.813692,2,50
1742,B0FFFRS0IH,1742,B0FFJN8WFQ,3834,179.793,2.25,14,day 0,08:00,day 0,18:00,5284.077316,4,100
1918,B020215DUP,1918,B00156ODDT,4010,261.602,3.4,13,day 0,12:00,day 0,22:00,4906.643222,4,50
1893,B0G13KYBJL,1893,B0GDDXZDXN,3985,272.525,3.21666666666667,15,day 0,12:00,day 0,22:00,5661.51141,2,100
2044,B0G1AO0IBH,2044,B0FFH6WPC3,4136,265.12,3.06666666666667,21,day 0,08:00,day 0,18:00,7926.115974,2,50
1482,B020215DUP,1482,B0FFL37B6B,3574,236.809,3.15,20,day 0,08:00,day 0,18:00,7548.68188,4,100
1277,B0HDRHT0UU,1277,B0FFHF2VI7,3369,196.035,2.8,11,day 0,12:00,day 0,22:00,4151.775034,2,100
1744,B0G1AO0IBH,1744,B0FFKZGWZ9,3836,232.442,2.85,15,day 0,12:00,day 0,22:00,5661.51141,4,100
653,B0FFH1DRA5,653,B0FFL37B6B,2745,260.55,3.11666666666667,18,day 0,08:00,day 0,18:00,6793.813692,2,50
1247,B0FFG0GSMW,1247,B0FFH61OBO,3339,310.296,4.25,22,day 0,12:00,day 0,22:00,8303.550068,2,50
881,B0FFL9Q85P,881,B0FFHC9CJ8,2973,193.671,2.51666666666667,20,day 0,08:00,day 0,18:00,7548.68188,4,100
457,B0FFFU612V,457,B0FFGO36Q6,2549,188.317,2.51666666666667,14,day 0,08:00,day 0,18:00,5284.077316,4,100
537,B0FFHXJXZR,537,B0FFGAIWAV,2629,189.509,2.3,11,day 0,08:00,day 0,18:00,4151.775034,4,100
236,B0FFHXJXZR,236,B0FFFTQ4U7,2328,123.954,1.76666666666667,14,day 0,12:00,day 0,22:00,5284.077316,2,50
1227,B0G0NZW2VU,1227,B0FFHFSCFH,3319,225.977,2.9,17,day 0,12:00,day 0,22:00,6416.379598,2,100
395,B0FFFRS0IH,395,B0FFKZGWZ9,2487,244.206,2.95,18,day 0,08:00,day 0,18:00,6793.813692,2,100
667,B0GKC6MA4E,667,B00156D6K6,2759,320.665,4.18333333333333,17,day 0,08:00,day 0,18:00,6416.379598,4,50
532,B0FFK83QI3,532,B0FFHY6PN3,2624,203.03,2.41666666666667,18,day 0,12:00,day 0,22:00,6793.813692,2,50
1687,B0G3AZBRXL,1687,B0FFGZQ43R,3779,156.834,2.26666666666667,9,day 0,08:00,day 0,18:00,3396.906846,4,50
1731,B0FFGYNGHQ,1731,B0GDDXZDXN,3823,134.706,1.73333333333333,7,day 0,12:00,day 0,22:00,2642.038658,2,100
429,B0FFITJD3C,429,B0FFH62FC9,2521,140.7,1.93333333333333,7,day 0,12:00,day 0,22:00,2642.038658,4,50
1896,B0G0ZLYTOF,1896,B0FFJN8WFQ,3988,177.978,2.78333333333333,15,day 0,08:00,day 0,18:00,5661.51141,2,50
619,B01FE0J0V7,619,B0FFH61OBO,2711,110.592,1.55,10,day 0,08:00,day 0,18:00,3774.34094,2,100
1021,B0FFHXJXZR,1021,B0FFHNXOVT,3113,202.625,2.46666666666667,12,day 0,12:00,day 0,22:00,4529.209128,4,100
686,B0202173FW,686,B0G2MKTPMP,2778,288.376,3.61666666666667,9,day 0,08:00,day 0,18:00,3396.906846,4,100
1436,B0FFFRXR3L,1436,B0FFLCF954,3528,324.056,4.53333333333333,10,day 0,08:00,day 0,18:00,3774.34094,4,50
1184,B0FFG0GSMW,1184,B0FFGPRVIT,3276,353.957,4.8,21,day 0,08:00,day 0,18:00,7926.115974,2,100
497,B0FFF4HNKG,497,B0FFFU612V,2589,122.618,1.66666666666667,13,day 0,08:00,day 0,18:00,4906.643222,2,50
882,B0G0ZLYTOF,882,B0FFH62FC9,2974,299.608,4.05,8,day 0,08:00,day 0,18:00,3019.472752,2,50
260,B0FFF4HNKG,260,B00156D6K6,2352,285.25,3.83333333333333,10,day 0,08:00,day 0,18:00,3774.34094,4,100
327,B020216GML,327,B0FFJRVTYE,2419,262.414,3.43333333333333,8,day 0,12:00,day 0,22:00,3019.472752,4,50
1239,B0GUAXEBYM,1239,B0FFGJ1NAK,3331,112.881,1.55,11,day 0,08:00,day 0,18:00,4151.775034,4,100
1063,B0FFH1DRA5,1063,B00156D6K6,3155,320.463,3.83333333333333,8,day 0,08:00,day 0,18:00,3019.472752,2,100
634,B0FFK83QI3,634,B0FFGIBTXI,2726,238.319,2.83333333333333,16,day 0,12:00,day 0,22:00,6038.945504,4,50
1873,B0G1AO0IBH,1873,B0FFI8WH5V,3965,184.946,2.28333333333333,15,day 0,08:00,day 0,18:00,5661.51141,4,100
1754,B0H1TCJ4IO,1754,B0I6TYMZJG,3846,233.552,3,9,day 0,12:00,day 0,22:00,3396.906846,2,50
75,B0FFFTQ4U7,75,B0FFG94S3Z,2167,143.624,2.01666666666667,7,day 0,12:00,day 0,22:00,2642.038658,4,50
1908,B0FFGZQ43R,1908,B0FFKZGWZ9,4000,109.24,1.6,16,day 0,12:00,day 0,22:00,6038.945504,2,100
256,B0FFGYNGHQ,256,B0FFI9JCED,2348,163.306,2.2,7,day 0,12:00,day 0,22:00,2642.038658,2,100
1779,B0FFF8Z69A,1779,B0GDDXZDXN,3871,154.15,2.11666666666667,20,day 0,08:00,day 0,18:00,7548.68188,2,100
439,B0FFFTQ4U7,439,B0FFH61OBO,2531,111.703,1.56666666666667,11,day 0,08:00,day 0,18:00,4151.775034,4,50
1886,B00190CNHV,1886,B0I6TYMZJG,3978,259.949,2.81666666666667,8,day 0,08:00,day 0,18:00,3019.472752,4,50
210,B0G13KYBJL,210,B0FFHNXOVT,2302,290.706,3.46666666666667,20,day 0,08:00,day 0,18:00,7548.68188,4,100
1976,B0FFH70JG8,1976,B0FFH0WGKS,4068,252.379,2.98333333333333,10,day 0,12:00,day 0,22:00,3774.34094,2,50
852,B0202150WR,852,B00156GGDT,2944,276.318,3.7,12,day 0,08:00,day 0,18:00,4529.209128,2,100
451,B0FFL9Q85P,451,B00156D6K6,2543,316.752,3.78333333333333,14,day 0,08:00,day 0,18:00,5284.077316,4,50
60,B0FFL9CGXN,60,B00156D6K6,2152,309.736,4.18333333333333,13,day 0,12:00,day 0,22:00,4906.643222,2,50
807,B0FFF4HNKG,807,B0FFI9JCED,2899,244.68,3.31666666666667,14,day 0,12:00,day 0,22:00,5284.077316,4,50
343,B0FFK4CQ2L,343,B0FFI9JCED,2435,156.543,2.25,20,day 0,12:00,day 0,22:00,7548.68188,4,50
655,B0FFJONTQ7,655,B0FFF4JOKL,2747,155.518,2.15,10,day 0,12:00,day 0,22:00,3774.34094,4,50
460,B0FFFRS0IH,460,B0FFGO36Q6,2552,315.22,3.85,18,day 0,12:00,day 0,22:00,6793.813692,2,50
149,B0FFIS83Q7,149,B0FFLCF954,2241,209.593,3.08333333333333,14,day 0,08:00,day 0,18:00,5284.077316,2,100
840,B0G0ZLYTOF,840,B02000JR6M,2932,191.287,2.88333333333333,16,day 0,08:00,day 0,18:00,6038.945504,2,100
1285,B0FFHCRHH3,1285,B0FFH62FC9,3377,186.979,2.41666666666667,12,day 0,08:00,day 0,18:00,4529.209128,4,100
1434,B0FFH70JG8,1434,B0FFKZGWZ9,3526,264.361,3.06666666666667,10,day 0,12:00,day 0,22:00,3774.34094,2,100
993,B0FFGYNGHQ,993,B0FFF4JOKL,3085,146.166,2.03333333333333,10,day 0,08:00,day 0,18:00,3774.34094,4,50
488,B0G0ZLYTOF,488,B0FFHDQA5M,2580,220.822,3.08333333333333,12,day 0,12:00,day 0,22:00,4529.209128,2,100
740,B0G13KYBJL,740,B0FFKSVI1S,2832,338.586,4.06666666666667,7,day 0,12:00,day 0,22:00,2642.038658,2,100
475,B0FFL9Q85P,475,B0FFGPRVIT,2567,294.694,3.5,18,day 0,08:00,day 0,18:00,6793.813692,2,100
188,B0FFK83QI3,188,B0IG9RDYYV,2280,219.061,2.55,8,day 0,12:00,day 0,22:00,3019.472752,4,50
1223,B0FFITJD3C,1223,B0FFH6WPC3,3315,139.45,1.96666666666667,7,day 0,12:00,day 0,22:00,2642.038658,2,100
1610,B0FFG0GSMW,1610,B0FFKDRXE8,3702,399.601,5.41666666666667,10,day 0,12:00,day 0,22:00,3774.34094,2,100
1224,B0FFH1DRA5,1224,B0FFH61OBO,3316,254.744,2.98333333333333,8,day 0,08:00,day 0,18:00,3019.472752,2,100
1728,B020215DUP,1728,B02000JJ21,3820,203.573,2.73333333333333,13,day 0,12:00,day 0,22:00,4906.643222,2,100
58,B0GUAXEBYM,58,B0FFJ1CPHP,2150,167.831,2.06666666666667,14,day 0,08:00,day 0,18:00,5284.077316,4,50
1874,B020215DUP,1874,B0FFJRVTYE,3966,278.536,3.56666666666667,11,day 0,12:00,day 0,22:00,4151.775034,4,100
189,B0FFFRS0IH,189,B02000JJ21,2281,217.037,2.76666666666667,20,day 0,12:00,day 0,22:00,7548.68188,2,100
1843,B0202150WR,1843,B0IGCZC15I,3935,221.964,2.86666666666667,13,day 0,08:00,day 0,18:00,4906.643222,4,50
255,B0FFGTI293,255,B0FFKDRXE8,2347,242.986,3.16666666666667,20,day 0,12:00,day 0,22:00,7548.68188,2,100
1120,B0202150WR,1120,B0FFI9JCED,3212,239.833,3.18333333333333,16,day 0,08:00,day 0,18:00,6038.945504,2,50
1018,B0FFIS83Q7,1018,B0FFHD3E8G,3110,152.559,2.16666666666667,13,day 0,12:00,day 0,22:00,4906.643222,2,100
455,B0FFFU612V,455,B0FFF4JOKL,2547,125.573,1.83333333333333,9,day 0,08:00,day 0,18:00,3396.906846,2,100
809,B0G0NZW2VU,809,B0G2MKTPMP,2901,277.235,3.38333333333333,18,day 0,08:00,day 0,18:00,6793.813692,4,50
1295,B0FFHLH9SB,1295,B0FFK7ZQFN,3387,118.034,1.63333333333333,21,day 0,08:00,day 0,18:00,7926.115974,2,100
197,B0FFH1DRA5,197,B0FFHNXOVT,2289,269.474,3.15,18,day 0,12:00,day 0,22:00,6793.813692,2,100
180,B0FFG2575E,180,B0FFGJ1NAK,2272,176.087,2.28333333333333,17,day 0,12:00,day 0,22:00,6416.379598,2,100
306,B0FFHF2VI7,306,B0FFG94S3Z,2398,150.674,2.08333333333333,18,day 0,08:00,day 0,18:00,6793.813692,2,50
607,B01FE15XQH,607,B0FFI9JCED,2699,164.802,2.28333333333333,22,day 0,12:00,day 0,22:00,8303.550068,2,50
1720,B0202150WR,1720,B02000JJN1,3812,192.534,2.56666666666667,6,day 0,08:00,day 0,18:00,2264.604564,2,50
1808,B0G0ZLYTOF,1808,B0IGCZC15I,3900,250.516,3.45,19,day 0,12:00,day 0,22:00,7171.247786,2,50
388,B0FFHJD9U9,388,B0FFI9JCED,2480,126.635,1.91666666666667,10,day 0,08:00,day 0,18:00,3774.34094,4,50
1723,B020216GML,1723,B0GDDXZDXN,3815,211.43,2.81666666666667,10,day 0,08:00,day 0,18:00,3774.34094,4,50
30,B0FFITJD3C,30,B0FFKSVI1S,2122,147.085,2.05,14,day 0,12:00,day 0,22:00,5284.077316,2,100
350,B0FFL9CGXN,350,B0FFITJD3C,2442,186.619,3.21666666666667,17,day 0,08:00,day 0,18:00,6416.379598,2,50
1585,B0G3AZBRXL,1585,B0FFL7OZ0J,3677,169.012,2.45,9,day 0,12:00,day 0,22:00,3396.906846,2,100
798,B0G13KYBJL,798,B0FFHY6PN3,2890,238.788,2.83333333333333,20,day 0,08:00,day 0,18:00,7548.68188,2,50
2045,B0FFFU612V,2045,B0GDDXZDXN,4137,114.113,1.55,16,day 0,08:00,day 0,18:00,6038.945504,4,100
1466,B0202173FW,1466,B02000JJN1,3558,234.77,3,10,day 0,12:00,day 0,22:00,3774.34094,4,100
688,B0FFHLH9SB,688,B0FFHDQA5M,2780,168.53,2.15,14,day 0,12:00,day 0,22:00,5284.077316,2,50
1421,B020216GML,1421,B0FFKZGWZ9,3513,209.265,2.71666666666667,19,day 0,12:00,day 0,22:00,7171.247786,4,100
472,B0FFG0GSMW,472,B0FFGIBTXI,2564,293.429,3.91666666666667,13,day 0,08:00,day 0,18:00,4906.643222,2,50
226,B0FFK4CQ2L,226,B0FFG94S3Z,2318,190.432,2.51666666666667,14,day 0,12:00,day 0,22:00,5284.077316,2,100
1015,B0FFF4HNKG,1015,B0FFHD3E8G,3107,190.819,2.65,11,day 0,08:00,day 0,18:00,4151.775034,2,50
1554,B0GUAXEBYM,1554,B0IGCZC15I,3646,129.59,1.81666666666667,19,day 0,08:00,day 0,18:00,7171.247786,4,100
1009,B0GUCU8FLD,1009,B0FFFTQ4U7,3101,158.164,2.15,10,day 0,08:00,day 0,18:00,3774.34094,4,100
1854,B0202173FW,1854,B0GDDXZDXN,3946,253.469,3.15,11,day 0,08:00,day 0,18:00,4151.775034,2,50
733,B0G0ZLYTOF,733,B0FFHD3E8G,2825,214.671,3.13333333333333,18,day 0,08:00,day 0,18:00,6793.813692,4,100
1140,B0FFHLH9SB,1140,B0FFJRVTYE,3232,238.624,2.98333333333333,20,day 0,08:00,day 0,18:00,7548.68188,4,50
2041,B0G1AO0IBH,2041,B0G2MKTPMP,4133,255.303,2.81666666666667,18,day 0,12:00,day 0,22:00,6793.813692,4,50
1072,B0GKC6MA4E,1072,B0FFL7OZ0J,3164,189.757,2.66666666666667,18,day 0,12:00,day 0,22:00,6793.813692,2,50
222,B0FFHCRHH3,222,B0FFGIBTXI,2314,128.855,1.81666666666667,13,day 0,08:00,day 0,18:00,4906.643222,2,50
758,B0FFFRS0IH,758,B0FFGJ1NAK,2850,208.757,2.61666666666667,21,day 0,12:00,day 0,22:00,7926.115974,4,50
203,B0G13KYBJL,203,B0FFHD3E8G,2295,247.264,3.03333333333333,6,day 0,08:00,day 0,18:00,2264.604564,4,100
1853,B0FFH3869T,1853,B0FFL37B6B,3945,249.351,3.1,8,day 0,12:00,day 0,22:00,3019.472752,2,100
1385,B0FFL9CGXN,1385,B0G2MKTPMP,3477,275.473,3.56666666666667,19,day 0,08:00,day 0,18:00,7171.247786,2,50
102,B0FFL9Q85P,102,B0FFHY6PN3,2194,213.845,2.58333333333333,14,day 0,08:00,day 0,18:00,5284.077316,2,50
1505,B0H1TCJ4IO,1505,B0FFI8WH5V,3597,175.912,2.48333333333333,6,day 0,12:00,day 0,22:00,2264.604564,4,50
241,B00190CNHV,241,B0FFF4JOKL,2333,259.211,3.25,18,day 0,08:00,day 0,18:00,6793.813692,4,100
1584,B0FFH3869T,1584,B0IGCZC15I,3676,250.825,3.03333333333333,17,day 0,08:00,day 0,18:00,6416.379598,2,100
67,B0FFK4CQ2L,67,B0FFLCF954,2159,159.587,2.58333333333333,17,day 0,08:00,day 0,18:00,6416.379598,4,50
1962,B0G3AZBRXL,1962,B0FFH6WPC3,4054,289.176,3.75,12,day 0,12:00,day 0,22:00,4529.209128,4,100
682,B0FFFU612V,682,B0G2MKTPMP,2774,149.02,1.96666666666667,7,day 0,12:00,day 0,22:00,2642.038658,4,100
1848,B0FFH70JG8,1848,B0FFL37B6B,3940,270.428,3.2,18,day 0,08:00,day 0,18:00,6793.813692,2,100
909,B0FFIS83Q7,909,B0FFHY6PN3,3001,144.083,2.03333333333333,11,day 0,12:00,day 0,22:00,4151.775034,4,100
1147,B0FFHXJXZR,1147,B0FFHD3E8G,3239,146.324,1.88333333333333,12,day 0,08:00,day 0,18:00,4529.209128,2,100
378,B0FFHCRHH3,378,B0FFI9JCED,2470,155.903,2.13333333333333,21,day 0,12:00,day 0,22:00,7926.115974,2,50
860,B0FFG0GSMW,860,B01FE15XQH,2952,186.795,2.98333333333333,20,day 0,12:00,day 0,22:00,7548.68188,2,100
100,B0FFIS83Q7,100,B0FFKSVI1S,2192,243.881,3.23333333333333,16,day 0,12:00,day 0,22:00,6038.945504,4,100
588,B0HDRHT0UU,588,B02000JJ21,2680,251.048,3.2,16,day 0,12:00,day 0,22:00,6038.945504,2,100
1555,B0FFG0GSMW,1555,B0FFHF2VI7,3647,227.853,3.5,14,day 0,08:00,day 0,18:00,5284.077316,2,50
300,B0HDRHT0UU,300,B0FFHC9CJ8,2392,221.116,2.96666666666667,11,day 0,08:00,day 0,18:00,4151.775034,2,50
1320,B020216GML,1320,B0FFGAIWAV,3412,216.495,2.91666666666667,14,day 0,12:00,day 0,22:00,5284.077316,2,100
1568,B0G1AO0IBH,1568,B0FFHNXOVT,3660,247.562,2.91666666666667,9,day 0,12:00,day 0,22:00,3396.906846,4,50
845,B0FFHLH9SB,845,B00156ODDT,2937,221.69,2.85,8,day 0,08:00,day 0,18:00,3019.472752,2,50
304,B0FFGTI293,304,B0FFH6WPC3,2396,208.655,2.73333333333333,15,day 0,12:00,day 0,22:00,5661.51141,2,50
1557,B0FFK4CQ2L,1557,B0IGCZC15I,3649,138.527,1.93333333333333,20,day 0,12:00,day 0,22:00,7548.68188,2,100
1255,B0FFHCRHH3,1255,B0FFHNXOVT,3347,145.484,1.95,13,day 0,08:00,day 0,18:00,4906.643222,2,50
1954,B0FFL9Q85P,1954,B0IGCZC15I,4046,247.73,2.71666666666667,13,day 0,12:00,day 0,22:00,4906.643222,4,50
348,B0202173FW,348,B0FFL37B6B,2440,262.726,3.33333333333333,18,day 0,12:00,day 0,22:00,6793.813692,2,100
935,B0G0NZW2VU,935,B01FE15UUN,3027,191.106,2.38333333333333,14,day 0,12:00,day 0,22:00,5284.077316,2,50
1506,B0202150WR,1506,B0FFFOM198,3598,163.983,2.38333333333333,12,day 0,08:00,day 0,18:00,4529.209128,2,50
1350,B020216GML,1350,B0FFHDQA5M,3442,186.965,2.43333333333333,14,day 0,12:00,day 0,22:00,5284.077316,4,100
565,B0FFJONTQ7,565,B0FFHFSCFH,2657,127.707,1.91666666666667,18,day 0,12:00,day 0,22:00,6793.813692,2,100
903,B0GUAXEBYM,903,B0FFHNXOVT,2995,148.372,1.91666666666667,7,day 0,08:00,day 0,18:00,2642.038658,4,100
917,B0G0NZW2VU,917,B02001C3PG,3009,190.319,2.46666666666667,13,day 0,08:00,day 0,18:00,4906.643222,2,100
848,B0FFK83QI3,848,B0FFJRVTYE,2940,287.751,3.23333333333333,15,day 0,12:00,day 0,22:00,5661.51141,2,100
195,B0FFL9CGXN,195,B0FFFTQ4U7,2287,174.686,2.65,18,day 0,08:00,day 0,18:00,6793.813692,4,50
871,B0FFFRS0IH,871,B0FFHJD9U9,2963,148.598,1.93333333333333,20,day 0,12:00,day 0,22:00,7548.68188,2,50
24,B0FFF8Z69A,24,B0FFKSVI1S,2116,220.211,3.03333333333333,8,day 0,12:00,day 0,22:00,3019.472752,2,100
576,B0G3AZBRXL,576,B0FFJ1CPHP,2668,241.577,2.96666666666667,18,day 0,12:00,day 0,22:00,6793.813692,4,50
329,B0FFJONTQ7,329,B0FFKZGWZ9,2421,147.248,2.06666666666667,14,day 0,12:00,day 0,22:00,5284.077316,4,50
1400,B0FFFRS0IH,1400,B0FFFA2AO6,3492,287.056,3.5,12,day 0,08:00,day 0,18:00,4529.209128,4,50
328,B0G3AZBRXL,328,B0FFFA2AO6,2420,276.79,3.56666666666667,20,day 0,12:00,day 0,22:00,7548.68188,2,100
762,B0FFH3869T,762,B0FFFU612V,2854,146.632,1.88333333333333,22,day 0,12:00,day 0,22:00,8303.550068,2,100
496,B0FFLC9J93,496,B0FFK7ZQFN,2588,217.449,3.01666666666667,18,day 0,08:00,day 0,18:00,6793.813692,2,50
1623,B020215DUP,1623,B0FFKZGWZ9,3715,215.774,2.76666666666667,17,day 0,12:00,day 0,22:00,6416.379598,2,50
781,B0FFH3869T,781,B00156D6K6,2873,309.264,3.8,21,day 0,08:00,day 0,18:00,7926.115974,4,100
872,B0FFK83QI3,872,B01FE0J0V7,2964,143.188,1.86666666666667,9,day 0,12:00,day 0,22:00,3396.906846,4,100
2008,B0FFG2575E,2008,B0FFHNXOVT,4100,226.527,2.78333333333333,9,day 0,08:00,day 0,18:00,3396.906846,4,100
366,B0G0ZLYTOF,366,B00156GGDT,2458,305.017,4.38333333333333,15,day 0,08:00,day 0,18:00,5661.51141,2,100
867,B0G0NZW2VU,867,B0FFH6WPC3,2959,292.436,3.48333333333333,10,day 0,08:00,day 0,18:00,3774.34094,4,50
1405,B0FFF8Z69A,1405,B00156ODDT,3497,188.2,2.58333333333333,17,day 0,08:00,day 0,18:00,6416.379598,2,50
1216,B00190CNHV,1216,B0FFFU612V,3308,154.16,1.95,20,day 0,08:00,day 0,18:00,7548.68188,2,50
1971,B0FFH4SOJP,1971,B02000JJ21,4063,207.082,2.68333333333333,20,day 0,12:00,day 0,22:00,7548.68188,2,100
1031,B0FFK4CQ2L,1031,B0FFKZGWZ9,3123,131.004,1.93333333333333,21,day 0,08:00,day 0,18:00,7926.115974,2,50
614,B0FFFRS0IH,614,B0FFHDQA5M,2706,221.906,2.63333333333333,18,day 0,08:00,day 0,18:00,6793.813692,2,50
490,B0FFHF2VI7,490,B0FFJRVTYE,2582,139.169,1.93333333333333,19,day 0,08:00,day 0,18:00,7171.247786,4,100
1148,B0FFITJD3C,1148,B0G2MKTPMP,3240,115.931,1.58333333333333,11,day 0,08:00,day 0,18:00,4151.775034,2,100
2060,B0FFH1DRA5,2060,B0I6TYMZJG,4152,264.498,3,9,day 0,08:00,day 0,18:00,3396.906846,4,50
693,B0G0ZLYTOF,693,B0FFGIBTXI,2785,241.484,3.36666666666667,9,day 0,12:00,day 0,22:00,3396.906846,2,100
1056,B0FFG0GSMW,1056,B0FFFTQ4U7,3148,225.997,3.23333333333333,15,day 0,08:00,day 0,18:00,5661.51141,2,50
1366,B0FFLC9J93,1366,B0FFFA2AO6,3458,342.382,4.01666666666667,13,day 0,08:00,day 0,18:00,4906.643222,2,100
725,B0FFF4HNKG,725,B02001C3PG,2817,164.2,2.2,6,day 0,12:00,day 0,22:00,2264.604564,4,100
105,B0G13KYBJL,105,B0FFFTQ4U7,2197,206.645,2.6,7,day 0,08:00,day 0,18:00,2642.038658,2,100
1200,B00190CNHV,1200,B0FFFTQ4U7,3292,181.742,2.36666666666667,14,day 0,08:00,day 0,18:00,5284.077316,2,50
1759,B0FFHE4XO4,1759,B0GDDXZDXN,3851,136.44,1.98333333333333,19,day 0,08:00,day 0,18:00,7171.247786,2,50
1373,B0GUCU8FLD,1373,B0FFI8WH5V,3465,179.609,2.31666666666667,13,day 0,08:00,day 0,18:00,4906.643222,4,50
48,B0FFL9CGXN,48,B0FFH61OBO,2140,244.017,3.21666666666667,18,day 0,12:00,day 0,22:00,6793.813692,2,50
492,B00190CNHV,492,B0FFFOM198,2584,183.884,2.26666666666667,21,day 0,08:00,day 0,18:00,7926.115974,4,50
110,B0FFFU612V,110,B0FFGIBTXI,2202,107.175,1.65,18,day 0,12:00,day 0,22:00,6793.813692,2,100
544,B0FFLC9J93,544,B02001C3PG,2636,235.175,3.26666666666667,19,day 0,08:00,day 0,18:00,7171.247786,2,100
483,B0FFFTQ4U7,483,B0FFJRVTYE,2575,159.236,2.05,19,day 0,08:00,day 0,18:00,7171.247786,2,100
981,B0GKC6MA4E,981,B01FE0J0V7,3073,157.916,2.13333333333333,16,day 0,08:00,day 0,18:00,6038.945504,4,100
1136,B0FFK83QI3,1136,B0FFI9JCED,3228,265.367,3.11666666666667,9,day 0,12:00,day 0,22:00,3396.906846,2,50
333,B0FFK83QI3,333,B0FFITJD3C,2425,182.82,2.73333333333333,10,day 0,12:00,day 0,22:00,3774.34094,2,100
121,B01FE15UUN,121,B0FFKSVI1S,2213,164.09,2.25,13,day 0,12:00,day 0,22:00,4906.643222,2,50
176,B0GKC6MA4E,176,B0FFGPRVIT,2268,298.607,3.83333333333333,19,day 0,12:00,day 0,22:00,7171.247786,4,100
1068,B0FFH1DRA5,1068,B0FFH6WPC3,3160,309.719,3.73333333333333,12,day 0,12:00,day 0,22:00,4529.209128,2,100
1649,B0FFL9CGXN,1649,B0FFJN8WFQ,3741,178.612,2.61666666666667,9,day 0,08:00,day 0,18:00,3396.906846,4,50
640,B0FFLC9J93,640,B00156D6K6,2732,365.512,4.46666666666667,19,day 0,12:00,day 0,22:00,7171.247786,2,50
1511,B0FFHLH9SB,1511,B0FFJN8WFQ,3603,125.686,1.83333333333333,15,day 0,12:00,day 0,22:00,5661.51141,4,50
208,B0FFH3869T,208,B01FE15XQH,2300,133.168,2.01666666666667,21,day 0,08:00,day 0,18:00,7926.115974,4,100
1138,B0G0ZLYTOF,1138,B0FFI8WH5V,3230,195.497,2.9,17,day 0,12:00,day 0,22:00,6416.379598,4,100
240,B00190CNHV,240,B0FFGO36Q6,2332,321.955,3.96666666666667,14,day 0,12:00,day 0,22:00,5284.077316,2,100
1328,B0FFH1DRA5,1328,B0FFHF2VI7,3420,172.301,2.38333333333333,14,day 0,08:00,day 0,18:00,5284.077316,2,50
690,B0HDRHT0UU,690,B0FFF4JOKL,2782,286.487,3.55,17,day 0,12:00,day 0,22:00,6416.379598,2,50
193,B0FFK4CQ2L,193,B0FFJ1CPHP,2285,152.442,2.15,11,day 0,12:00,day 0,22:00,4151.775034,2,100
748,B0G3AZBRXL,748,B0FFGO36Q6,2840,292.265,3.68333333333333,7,day 0,12:00,day 0,22:00,2642.038658,2,100
1197,B0FFH70JG8,1197,B0FFFA2AO6,3289,307.211,3.6,16,day 0,12:00,day 0,22:00,6038.945504,2,50
1832,B0FFHXJXZR,1832,B0FFGZQ43R,3924,116.047,1.6,17,day 0,12:00,day 0,22:00,6416.379598,2,50
562,B0GKC6MA4E,562,B0FFHJD9U9,2654,159.077,2.13333333333333,11,day 0,12:00,day 0,22:00,4151.775034,2,100
1587,B0H1TCJ4IO,1587,B0FFITJD3C,3679,166.4,2.91666666666667,11,day 0,12:00,day 0,22:00,4151.775034,4,100
1129,B01FE15UUN,1129,B00156GGDT,3221,163.114,2.23333333333333,7,day 0,08:00,day 0,18:00,2642.038658,2,100
927,B0FFHLH9SB,927,B0FFHC9CJ8,3019,133.729,2.01666666666667,19,day 0,12:00,day 0,22:00,7171.247786,2,50
1371,B0FFF4HNKG,1371,B0FFGJ1NAK,3463,183.821,2.46666666666667,17,day 0,08:00,day 0,18:00,6416.379598,2,50
1194,B0FFF4HNKG,1194,B0FFJRVTYE,3286,267.064,3.48333333333333,14,day 0,08:00,day 0,18:00,5284.077316,2,100
1815,B0FFF4HNKG,1815,B00156ODDT,3907,250.13,3.36666666666667,20,day 0,08:00,day 0,18:00,7548.68188,4,50
238,B0G0NZW2VU,238,B00156D6K6,2330,311.498,3.98333333333333,6,day 0,08:00,day 0,18:00,2264.604564,2,50
1392,B0FFF4HNKG,1392,B0FFL7OZ0J,3484,154.342,2.35,14,day 0,08:00,day 0,18:00,5284.077316,4,50
511,B0FFLC9J93,511,B0FFLCF954,2603,318.828,4.85,12,day 0,08:00,day 0,18:00,4529.209128,2,50
586,B0FFK83QI3,586,B0FFHD3E8G,2678,211.506,2.46666666666667,20,day 0,12:00,day 0,22:00,7548.68188,4,100
916,B020216GML,916,B0FFGIBTXI,3008,207.627,2.68333333333333,16,day 0,08:00,day 0,18:00,6038.945504,4,50
1619,B0GUCU8FLD,1619,B0GDDXZDXN,3711,224.044,2.73333333333333,10,day 0,12:00,day 0,22:00,3774.34094,4,50
995,B0HDRHT0UU,995,B0FFHNXOVT,3087,293.208,3.55,10,day 0,12:00,day 0,22:00,3774.34094,4,100
2052,B0H1TCJ4IO,2052,B02000JJ21,4144,196.368,2.73333333333333,9,day 0,12:00,day 0,22:00,3396.906846,2,100
1181,B0FFL9CGXN,1181,B0FFHFSCFH,3273,224.215,3.05,20,day 0,12:00,day 0,22:00,7548.68188,4,100
1760,B020216GML,1760,B0FFH0WGKS,3852,202.638,2.76666666666667,19,day 0,08:00,day 0,18:00,7171.247786,2,100
398,B0FFLC9J93,398,B0FFJ1CPHP,2490,311.683,4.43333333333333,15,day 0,08:00,day 0,18:00,5661.51141,4,100
1604,B0202173FW,1604,B0FFHF2VI7,3696,174.477,2.53333333333333,9,day 0,08:00,day 0,18:00,3396.906846,2,100
153,B0FFHE4XO4,153,B0FFJ1CPHP,2245,160.939,2.36666666666667,16,day 0,08:00,day 0,18:00,6038.945504,4,100
1378,B0FFHLH9SB,1378,B01FE15UUN,3470,136.547,1.85,16,day 0,08:00,day 0,18:00,6038.945504,4,50
698,B0FFL9CGXN,698,B02000JR6M,2790,191.921,2.71666666666667,13,day 0,08:00,day 0,18:00,4906.643222,4,100
1289,B0FFH70JG8,1289,B02001C3PG,3381,209.291,2.46666666666667,21,day 0,08:00,day 0,18:00,7926.115974,4,100
1084,B0FFH3869T,1084,B0FFGJ1NAK,3176,207.835,2.68333333333333,12,day 0,12:00,day 0,22:00,4529.209128,4,50
539,B0FFGYNGHQ,539,B0IG9RDYYV,2631,117,1.68333333333333,7,day 0,08:00,day 0,18:00,2642.038658,4,50
1575,B0FFLC9J93,1575,B0FFH0WGKS,3667,287.55,3.4,15,day 0,08:00,day 0,18:00,5661.51141,2,100
658,B0FFJONTQ7,658,B0FFH6WPC3,2750,202.484,2.7,9,day 0,08:00,day 0,18:00,3396.906846,2,50
1419,B0FFFRXR3L,1419,B0IG9RDYYV,3511,289.545,4,10,day 0,12:00,day 0,22:00,3774.34094,2,100
194,B0FFL7OZ0J,194,B0FFGO36Q6,2286,166.836,2.3,12,day 0,08:00,day 0,18:00,4529.209128,4,100
549,B0FFHJD9U9,549,B00156D6K6,2641,167.205,2.28333333333333,9,day 0,08:00,day 0,18:00,3396.906846,4,100
362,B0G0ZLYTOF,362,B0FFFU612V,2454,146.47,2.28333333333333,15,day 0,08:00,day 0,18:00,5661.51141,4,100
1574,B0FFH70JG8,1574,B01FE15UUN,3666,210.078,2.45,19,day 0,12:00,day 0,22:00,7171.247786,4,100
368,B0FFFU612V,368,B0FFGPRVIT,2460,161.225,2.15,21,day 0,12:00,day 0,22:00,7926.115974,2,100
1336,B00190CNHV,1336,B0FFITJD3C,3428,193.804,3.03333333333333,6,day 0,08:00,day 0,18:00,2264.604564,2,100
118,B01FE15XQH,118,B0FFH61OBO,2210,139.653,1.93333333333333,15,day 0,12:00,day 0,22:00,5661.51141,2,50
708,B0FFHCRHH3,708,B0FFHDQA5M,2800,108.193,1.5,21,day 0,08:00,day 0,18:00,7926.115974,4,100
64,B0FFHE4XO4,64,B0FFHNXOVT,2156,154.621,2.23333333333333,7,day 0,08:00,day 0,18:00,2642.038658,2,100
551,B0FFJONTQ7,551,B0FFHDQA5M,2643,124.948,1.73333333333333,19,day 0,12:00,day 0,22:00,7171.247786,4,100
1092,B0FFHXJXZR,1092,B02000JJ21,3184,160.465,2.06666666666667,6,day 0,12:00,day 0,22:00,2264.604564,2,50
818,B0FFIS83Q7,818,B0IG9RDYYV,2910,160.114,2.28333333333333,15,day 0,12:00,day 0,22:00,5661.51141,2,50
875,B0202173FW,875,B0FFHY6PN3,2967,215.412,2.68333333333333,20,day 0,08:00,day 0,18:00,7548.68188,4,100
2005,B0FFH70JG8,2005,B0FFLCF954,4097,292.944,3.66666666666667,20,day 0,12:00,day 0,22:00,7548.68188,2,100
567,B0GKC6MA4E,567,B0FFFOM198,2659,204.245,2.85,20,day 0,12:00,day 0,22:00,7548.68188,2,50
1281,B0FFL9Q85P,1281,B0FFLCF954,3373,279.355,3.68333333333333,15,day 0,12:00,day 0,22:00,5661.51141,4,100
2078,B0FFH4SOJP,2078,B0FFGZQ43R,4170,157.145,2.03333333333333,13,day 0,08:00,day 0,18:00,4906.643222,4,100
1970,B0G3AZBRXL,1970,B0GDDXZDXN,4062,230.75,2.95,15,day 0,12:00,day 0,22:00,5661.51141,2,100
232,B0FFHF2VI7,232,B0FFKSVI1S,2324,154.246,2.23333333333333,16,day 0,12:00,day 0,22:00,6038.945504,4,100
1984,B0G1AO0IBH,1984,B0IG9RDYYV,4076,211.675,2.56666666666667,7,day 0,12:00,day 0,22:00,2642.038658,2,50
727,B0FFG0GSMW,727,B0FFFOM198,2819,259.595,3.85,8,day 0,08:00,day 0,18:00,3019.472752,2,100
96,B0FFGTI293,96,B00156D6K6,2188,219.399,2.83333333333333,10,day 0,08:00,day 0,18:00,3774.34094,2,50
1390,B0FFL9Q85P,1390,B0FFHF2VI7,3482,168.59,2.35,10,day 0,12:00,day 0,22:00,3774.34094,2,50
737,B0FFF8Z69A,737,B0FFFA2AO6,2829,200.19,2.75,14,day 0,08:00,day 0,18:00,5284.077316,4,100
1936,B020215DUP,1936,B0FFHC9CJ8,4028,173.641,2.6,11,day 0,08:00,day 0,18:00,4151.775034,4,100
338,B0FFG9F43K,338,B0FFH62FC9,2430,176.8,2.31666666666667,16,day 0,12:00,day 0,22:00,6038.945504,4,100
538,B0FFGYNGHQ,538,B0FFGAIWAV,2630,139.771,1.81666666666667,14,day 0,08:00,day 0,18:00,5284.077316,4,50
587,B0G13KYBJL,587,B0IG9RDYYV,2679,254.819,3.1,16,day 0,08:00,day 0,18:00,6038.945504,4,50
1594,B0FFJN8WFQ,1594,B0FFFA2AO6,3686,121.988,1.78333333333333,21,day 0,12:00,day 0,22:00,7926.115974,2,50
1726,B0H1TCJ4IO,1726,B00156ODDT,3818,254.397,3.35,19,day 0,12:00,day 0,22:00,7171.247786,2,100
1446,B0GKC6MA4E,1446,B02000JJ21,3538,227.516,2.98333333333333,14,day 0,08:00,day 0,18:00,5284.077316,4,50
778,B0GUCU8FLD,778,B0FFFOM198,2870,176.794,2.45,20,day 0,12:00,day 0,22:00,7548.68188,4,50
374,B0GUAXEBYM,374,B0FFKDRXE8,2466,222.948,2.86666666666667,17,day 0,08:00,day 0,18:00,6416.379598,4,100
465,B0FFJONTQ7,465,B0FFFA2AO6,2557,190.098,2.5,21,day 0,12:00,day 0,22:00,7926.115974,2,50
1439,B0FFHCRHH3,1439,B0FFJRVTYE,3531,178.287,2.25,13,day 0,12:00,day 0,22:00,4906.643222,2,50
677,B0FFL9CGXN,677,B0FFGPRVIT,2769,287.678,3.76666666666667,21,day 0,08:00,day 0,18:00,7926.115974,2,100
945,B0GKC6MA4E,945,B0FFL37B6B,3037,260.752,3.36666666666667,15,day 0,08:00,day 0,18:00,5661.51141,2,100
989,B0FFHE4XO4,989,B02000JJ21,3081,112.461,1.86666666666667,18,day 0,08:00,day 0,18:00,6793.813692,2,100
717,B0FFL9CGXN,717,B0FFFA2AO6,2809,286.606,3.76666666666667,8,day 0,08:00,day 0,18:00,3019.472752,4,50
1839,B0FFH1DRA5,1839,B0GDDXZDXN,3931,251.293,2.88333333333333,21,day 0,12:00,day 0,22:00,7926.115974,2,100
1109,B0GKC6MA4E,1109,B0FFH6WPC3,3201,309.921,4.01666666666667,9,day 0,12:00,day 0,22:00,3396.906846,4,100
1208,B0FFIS83Q7,1208,B0FFFOM198,3300,130.57,2.06666666666667,11,day 0,12:00,day 0,22:00,4151.775034,4,100
1794,B0G13KYBJL,1794,B0FFGZQ43R,3886,198.609,2.55,17,day 0,12:00,day 0,22:00,6416.379598,2,100
568,B0FFF8Z69A,568,B0FFGAIWAV,2660,159.215,2.23333333333333,20,day 0,12:00,day 0,22:00,7548.68188,4,50
705,B0FFHE4XO4,705,B0FFJRVTYE,2797,187.424,2.56666666666667,13,day 0,12:00,day 0,22:00,4906.643222,2,100
1718,B020215DUP,1718,B0FFHJD9U9,3810,135.134,1.85,15,day 0,08:00,day 0,18:00,5661.51141,2,50
815,B0GUAXEBYM,815,B0FFH6WPC3,2907,188.617,2.43333333333333,17,day 0,12:00,day 0,22:00,6416.379598,4,100
1298,B0G0ZLYTOF,1298,B0FFL7OZ0J,3390,178.194,2.85,13,day 0,08:00,day 0,18:00,4906.643222,2,100
258,B0FFG9F43K,258,B0FFG94S3Z,2350,179.613,2.28333333333333,6,day 0,12:00,day 0,22:00,2264.604564,2,50
436,B0202173FW,436,B00156D6K6,2528,322.639,4.18333333333333,19,day 0,08:00,day 0,18:00,7171.247786,4,100
1430,B0FFG0GSMW,1430,B00156D6K6,3522,376.015,5.16666666666667,14,day 0,08:00,day 0,18:00,5284.077316,4,100
826,B020216GML,826,B01FE0J0V7,2918,117.851,1.73333333333333,17,day 0,12:00,day 0,22:00,6416.379598,2,50
2073,B0FFH70JG8,2073,B0FFHY6PN3,4165,227.434,2.61666666666667,12,day 0,12:00,day 0,22:00,4529.209128,2,50
749,B0FFK7ZQFN,749,B0FFGAIWAV,2841,112.935,1.53333333333333,16,day 0,12:00,day 0,22:00,6038.945504,4,100
2009,B0H1TCJ4IO,2009,B0IGCZC15I,4101,231.078,3.03333333333333,7,day 0,12:00,day 0,22:00,2642.038658,2,50
1001,B0FFFRS0IH,1001,B01FE15XQH,3093,136.563,2.23333333333333,21,day 0,08:00,day 0,18:00,7926.115974,4,100
1810,B0FFH4SOJP,1810,B00156ODDT,3902,265.111,3.11666666666667,8,day 0,08:00,day 0,18:00,3019.472752,4,50
161,B0FFG9F43K,161,B0FFLCF954,2253,148.897,2.43333333333333,13,day 0,12:00,day 0,22:00,4906.643222,4,50
1969,B0FFFU612V,1969,B0FFH0WGKS,4061,105.321,1.58333333333333,18,day 0,12:00,day 0,22:00,6793.813692,2,100
148,B0FFHXJXZR,148,B0FFI9JCED,2240,213.82,2.4,22,day 0,12:00,day 0,22:00,8303.550068,2,100
957,B00190CNHV,957,B02000JJ21,3049,223.772,2.9,13,day 0,08:00,day 0,18:00,4906.643222,2,100
1774,B0202173FW,1774,B0FFI8WH5V,3866,209.034,2.73333333333333,7,day 0,12:00,day 0,22:00,2642.038658,4,50
